feature,real_mean,fake_mean,real_std,fake_std,real_median,fake_median,mean_difference,median_difference,percent_difference,cohens_d,abs_cohens_d,t_statistic,t_p_value,mannwhitney_u,mannwhitney_p,ks_statistic,ks_p_value,small_effect,medium_effect,large_effect,real_n,fake_n,bonferroni_significant,fdr_p_value,fdr_significant
has_reports,0.009517802878275328,0.07749782797567333,0.09709662639826716,0.2674029531772075,0.0,0.0,0.06798002509739799,0.0,714.2407335685051,0.4314318405936652,0.4314318405936652,-18.879491637388817,2.293766544367761e-77,46774799.5,2.6373388002267957e-171,0.06798002509739798,7.866318911604328e-18,True,False,False,17441,5755,True,5.3330072156550444e-76,True
question_count,0.040421994151711486,0.1254561251086012,0.2012721145925581,0.3410865802238881,0.0,0.0,0.08503413095688972,0.0,210.36599688214378,0.34912746232280867,0.34912746232280867,-17.911574756590525,3.2701436873529796e-70,46032128.0,3.7003849431364854e-116,0.08276645835524121,3.111679880024932e-26,True,False,False,17441,5755,True,5.068722715397119e-69,True
is_question_headline,0.022590447795424573,0.07715030408340573,0.14859806703225528,0.26685297139016095,0.0,0.0,0.05455985628798116,0.0,241.51737398951255,0.29472699918727857,0.29472699918727857,-14.773050998392488,1.1840324566904385e-48,47448310.5,1.9710494028775692e-82,0.0545598562879811,1.2317022897271202e-11,True,False,False,17441,5755,True,1.0010456224746434e-47,True
has_numbers,0.22315234218221433,0.11207645525629888,0.41637160621558617,0.31548790533863785,0.0,0.0,-0.11107588692591545,0.0,-49.77581047982763,-0.28208863599837547,0.28208863599837547,21.28410713854342,7.980122612297463e-99,55760985.0,9.030000112991307e-76,0.11107588692591552,5.926114918020336e-47,True,False,False,17441,5755,True,7.421514029436641e-97,True
number_count,0.2600194942950519,0.12962641181581233,0.5344664016403052,0.3909158557208706,0.0,0.0,-0.13039308247923956,0.0,-50.1474256123576,-0.2593895236998295,0.2593895236998295,19.90054864763606,7.256310168444289e-87,55759604.5,2.5212494530261576e-75,0.11107588692591552,5.926114918020336e-47,True,False,False,17441,5755,True,3.3741842283265943e-85,True
quantitative_content,0.2616249068287369,0.1308427454387489,0.5386019507588751,0.3955951884510049,0.0,0.0,-0.130782161389988,0.0,-49.98842158235329,-0.2580030447530976,0.2580030447530976,19.75531209496437,1.2137514848348665e-85,55760183.0,2.665111195826924e-75,0.11119055924975008,4.746980008625138e-47,True,False,False,17441,5755,True,3.762629602988086e-84,True
has_quotes,0.3439022991800929,0.23006081668114683,0.47502257367400347,0.42090809163619647,0.0,0.0,-0.11384148249894607,0.0,-33.10285588969854,-0.24630932223548202,0.24630932223548202,17.21672523756465,1.4418148967630536e-65,55899780.5,2.1030006608520725e-58,0.11384148249894599,2.636177574795139e-49,True,False,False,17441,5755,True,1.915554077128057e-64,True
digit_count,0.6020297001318732,0.2955690703735882,1.3982846664830169,1.006257534188944,0.0,0.0,-0.306460629758285,0.0,-50.90456993918332,-0.2335825852118908,0.2335825852118908,18.056890670606478,4.82294215688174e-72,55781279.0,3.1268779734147095e-75,0.11107588692591552,5.926114918020336e-47,True,False,False,17441,5755,True,8.970672411800037e-71,True
quote_count,0.6771974084054814,0.4345786272806255,1.14275292829278,0.9303254999358703,0.0,0.0,-0.24261878112485585,0.0,-35.826891555318014,-0.2217908673380734,0.2217908673380734,16.165021512236017,3.68492760242053e-58,55998678.5,5.594857918070058e-58,0.11384148249894599,2.636177574795139e-49,True,False,False,17441,5755,True,4.283728337813866e-57,True
quote_ratio,0.009123217593242448,0.006039697601637738,0.01520544822096361,0.012976003625993037,0.0,0.0,-0.0030835199916047096,0.0,-33.798601864858156,-0.20999226703593005,0.20999226703593005,14.954823125908758,4.3279261807004925e-50,55915289.0,4.453401653946807e-56,0.11495015763957539,2.8957458642370997e-50,True,False,False,17441,5755,True,4.024971348051458e-49,True
digit_ratio,0.010062778100716712,0.005069498065935235,0.02532526425083126,0.019727782907151527,0.0,0.0,-0.004993280034781477,0.0,-49.62128733044243,-0.20754823954975246,0.20754823954975246,15.45386902596733,2.213393010275525e-53,55809021.0,7.076039814788911e-76,0.11172587277120616,1.6799412921201552e-47,True,False,False,17441,5755,True,2.2871727772847093e-52,True
speculation_count,0.019895648185310474,0.05317115551694179,0.14046454098886307,0.22670572554394527,0.0,0.0,0.033275507331631315,0.0,167.25017964581608,0.200346438019616,0.200346438019616,-10.490254196314238,1.4576071825691801e-25,48536689.0,2.4594565759410252e-39,0.03286889381706448,0.00016994945368763704,True,False,False,17441,5755,True,9.682676284209554e-25,True
sentiment_polarity,0.08601125939648673,0.03349503784390822,0.2676223929593726,0.24928443782285498,0.0,0.0,-0.052516221552578506,0.0,-61.057380069851206,-0.1995355671528896,0.1995355671528896,13.602975735165261,8.705903573311024e-42,55023774.5,1.4646652441798197e-32,0.07499788165049037,1.3006054231954603e-21,False,False,False,17441,5755,True,6.747075269316044e-41,True
speculation_ratio,0.0016778108844408264,0.004184205306014793,0.01235609935778798,0.018413838168165945,0.0,0.0,0.002506394421573967,0.0,149.38479925342048,0.17771171135211572,0.17771171135211572,-9.634915849262633,7.606784551326645e-22,48542856.0,4.7988039446992055e-39,0.032983566140899145,0.00015918166415695515,False,False,False,17441,5755,True,4.161358607490458e-21,True
reporting_verb_count,0.08715096611432831,0.14057341442224153,0.2875005516055958,0.36801095906848935,0.0,0.0,0.05342244830791322,0.0,61.298744798573324,0.172645888546674,0.172645888546674,-10.047184370286022,1.2945470791108495e-23,47772963.0,1.4687288883356938e-26,0.04767252294206148,5.517881827547008e-09,False,False,False,17441,5755,True,7.524554897331812e-23,True
title_case_ratio,0.6833273259419902,0.7242288145530981,0.2560906686485622,0.26737204745111526,0.7647058823529411,0.8181818181818182,0.04090148861110787,0.05347593582887711,5.985636320737469,0.15796031659444537,0.15796031659444537,-10.167673492205482,3.676872015523646e-24,43302655.0,3.3083193100528846e-55,0.1399145915351402,2.3235576581148385e-74,False,False,False,17441,5755,True,2.2796606496246603e-23,True
multimedia_indicator_count,0.07184221088240353,0.03405734144222415,0.27438230353953624,0.19254653391546117,0.0,0.0,-0.03778486944017938,0.0,-52.594246441035,-0.1472939400826546,0.1472939400826546,11.51963289532162,1.443433626038568e-30,51971432.5,2.5101674238883968e-23,0.03556980064998583,3.423622206505231e-05,False,False,False,17441,5755,True,1.0326102093968218e-29,True
upper_ratio,0.1292692756725792,0.13754453795466726,0.05661016848864399,0.06835287119842866,0.13636363636363635,0.14285714285714285,0.008275262282088053,0.006493506493506496,6.401569312609225,0.13852364194353128,0.13852364194353128,-8.293604655553745,1.266621836701912e-16,45637408.5,5.2811010901499905e-25,0.09146346244364328,5.975583101300617e-32,False,False,False,17441,5755,True,5.354355946058083e-16,True
has_breaking,0.0032108250673699903,0.013553431798436143,0.05657472214305158,0.11563762294367222,0.0,0.0,0.010342606731066153,0.0,322.1167928509371,0.1367033842895161,0.1367033842895161,-6.532007867189789,6.966465335596611e-11,49667418.5,2.7809169359561214e-19,0.010342606731066128,0.7395636287701671,False,False,False,17441,5755,True,1.9632765945772267e-10,True
word_density,0.1645606845956544,0.16173910734545027,0.0210921172345287,0.01992904557614203,0.16393442622950818,0.16091954022988506,-0.002821577250204127,-0.003014885999623129,-1.714612002944133,-0.13558988164778354,0.13558988164778354,9.177617962534189,5.2493698302331e-20,54365279.5,2.3560271066131976e-21,0.07265111403764102,2.6314949854696503e-20,False,False,False,17441,5755,True,2.7121744122871016e-19,True
flesch_reading_ease,55.48545827920582,52.02088227917727,26.176548209676373,25.589291654229942,57.23363636363638,53.655,-3.4645760000285506,-3.5786363636363774,-6.244115318638294,-0.13308862813040065,0.13308862813040065,8.855371187211103,9.753696321861664e-19,54993177.0,1.0021182878170023e-27,0.07281648726990253,2.1356605950482845e-20,False,False,False,17441,5755,True,4.774177673332288e-18,True
avg_syllables_per_word,1.7422705406841275,1.7828025066909998,0.32584701405476857,0.31650887960127055,1.7142857142857142,1.75,0.040531966006872366,0.03571428571428581,2.326387610902088,0.1252705076202869,0.1252705076202869,-8.36202391885294,6.980352411932888e-17,46003597.0,2.0103631875918138e-21,0.07116506632688052,1.6814366998558256e-19,False,False,False,17441,5755,True,3.2458638715487925e-16,True
time_word_count,0.12694226248494925,0.17011294526498696,0.3506996472696933,0.40770716815439123,0.0,0.0,0.04317068278003772,0.0,34.00812458747235,0.11805848462580901,0.11805848462580901,-7.2015789744448515,6.445161291496698e-13,48290457.5,1.5704089858524294e-13,0.037375167444258284,1.0933118566459822e-05,False,False,False,17441,5755,True,2.3976000004367718e-12,True
flesch_kincaid_grade,8.186079990586288,8.612275162728992,3.651883948263738,3.5961425273521983,8.009090909090911,8.412857142857145,0.4261951721427035,0.403766233766234,5.206340185202361,0.11714660104380625,0.11714660104380625,-7.765989905155833,8.899148304900944e-15,46094573.0,1.5441790137105978e-20,0.06261658830309419,3.4257620298580744e-15,False,False,False,17441,5755,True,3.5983512711121207e-14,True
urgency_indicator_count,0.006364313972822659,0.017549956559513465,0.08024245125440262,0.1313200369353842,0.0,0.0,0.011185642586690806,0.0,175.75566878781473,0.11713104103599492,0.11713104103599492,-6.097102990443917,1.1356909696278765e-09,49622282.5,6.7518545330945785e-15,0.011242978748608023,0.6405137676429169,False,False,False,17441,5755,True,2.854574599334933e-09,True
has_time_reference,0.12092196548363053,0.1582971329278888,0.32604591535814853,0.3650511012891646,0.0,0.0,0.03737516744425827,0.0,30.908501441218988,0.11118770778306589,0.11118770778306589,-6.910541878847944,5.157046051650834e-12,48310749.5,2.7562914227083023e-13,0.037375167444258284,1.0933118566459822e-05,False,False,False,17441,5755,True,1.7128760100125985e-11,True
long_word_ratio,0.28416027231179364,0.30028632460178584,0.1575258050414928,0.1588446796643736,0.2727272727272727,0.2916666666666667,0.0161260522899922,0.018939393939393978,5.674984810085611,0.10215800764624061,0.10215800764624061,-6.691907854374803,2.3238614825010194e-11,46669937.0,1.3585736259856064e-15,0.06554872276102663,1.3152158735273044e-16,False,False,False,17441,5755,True,7.452383374917062e-11,True
has_watch,0.024998566595952065,0.010251954821894005,0.15612506472408968,0.10074033793588476,0.0,0.0,-0.01474661177405806,0.0,-58.98982934663914,-0.10213715077849075,0.10213715077849075,8.294286309031751,1.182490340792891e-16,50926558.0,1.9155909407758976e-11,0.014746611774058116,0.30058288118126975,False,False,False,17441,5755,True,5.236742937797089e-16,True
vocabulary_sophistication,0.28152421095860153,0.29741647836919144,0.15751266835937805,0.15862447901759547,0.26666666666666666,0.2857142857142857,0.01589226741058991,0.019047619047619035,5.64508017142685,0.10071833522166293,0.10071833522166293,-6.601936566670327,4.2692247523338395e-11,46702287.0,2.4848948567542976e-15,0.06489227103057793,2.7644296029445157e-16,False,False,False,17441,5755,True,1.3234596732234902e-10,True
sentiment_subjectivity,0.27486650437883164,0.24304033105292877,0.32274070994439624,0.31704658423904303,0.1,0.0,-0.03182617332590287,-0.1,-11.578774721142016,-0.09904281920616477,0.09904281920616477,6.573842916509985,5.148527829869778e-11,53283804.0,8.626433653926964e-14,0.061036929718767396,1.8644730491573555e-14,False,False,False,17441,5755,True,1.5445583489609335e-10,True
celebrity_word_count,0.06054698698469124,0.037532580364900085,0.2477030236877342,0.1972583030879906,0.0,0.0,-0.023014406619791157,0.0,-38.01082063028197,-0.09743791091368825,0.09743791091368825,7.178280521884126,7.468227681612747e-13,51296654.5,8.126566358611133e-11,0.022109302251786866,0.028664423047733978,False,False,False,17441,5755,True,2.6713275938076366e-12,True
headline_complexity,0.5326529442119144,0.5029539530842746,0.3089040025861144,0.29388087468979773,0.5,0.5,-0.02969899112763985,0.0,-5.575673888667025,-0.09729526300366892,0.09729526300366892,6.562895197021034,5.531982960773595e-11,52881191.0,2.841437869722665e-10,0.05361481088207476,2.9886884086226616e-11,False,False,False,17441,5755,True,1.607732547974826e-10,True
location_context_count,1.4057680178888825,1.4938314509122501,0.9089696927697178,0.908245454018796,1.0,1.0,0.08806343302336761,0.0,6.264435660986028,0.09690184268800521,0.09690184268800521,-6.37688003015503,1.8885706000926095e-10,47570492.5,3.93044912286805e-10,0.040683249785761544,1.1659286025949965e-06,False,False,False,17441,5755,True,5.165796053194491e-10,True
domain_specificity,0.007429559081122499,0.004755789984187954,0.029983420413386048,0.02310639803287975,0.0,0.0,-0.002673769096934545,0.0,-35.98826078021546,-0.09403779056698763,0.09403779056698763,7.038232987917586,2.047482940758074e-12,51456457.0,3.520393826431653e-11,0.0254337435816252,0.007281721047678862,False,False,False,17441,5755,True,7.052441240388921e-12,True
has_reveals,0.03388567169313686,0.01789748045178106,0.1809400732105146,0.1325904046969599,0.0,0.0,-0.0159881912413558,0.0,-47.18274846708739,-0.09392051806744629,0.09392051806744629,7.19931828401582,6.37538595776327e-13,50988868.5,6.689761126997145e-10,0.015988191241355754,0.2163303430738378,False,False,False,17441,5755,True,2.3976000004367718e-12,True
bracket_count,0.0036695143627085603,0.013900955690703735,0.08559195893033028,0.16617302122516042,0.0,0.0,0.010231441327995175,0.0,278.82276281494353,0.0920335856087738,0.0920335856087738,-4.4789462562974975,7.62406497587188e-06,49929737.5,1.4536755260371432e-09,0.005115720663997569,0.9998390703194551,False,False,False,17441,5755,True,1.5413870494697497e-05,True
has_claims,0.004242875981881773,0.011294526498696786,0.06500089412641061,0.10568302086817706,0.0,0.0,0.007051650516815013,0.0,166.19977927536573,0.0914354886900261,0.0914354886900261,-4.77271731774363,1.8532045877586143e-06,49832580.0,1.8532645137350124e-09,0.007051650516815,0.9815135139921742,False,False,False,17441,5755,True,3.8299561480344695e-06,True
content_word_ratio,0.7422261145184957,0.7533005552390628,0.13112120068460664,0.12649799251660923,0.75,0.75,0.01107444072056707,0.0,1.492057542026986,0.08519481740876894,0.08519481740876894,-5.7064574278267415,1.1858928664496142e-08,47673812.5,1.1301162273133283e-08,0.03987381859984096,2.0518139986390247e-06,False,False,False,17441,5755,True,2.8278983738413875e-08,True
punctuation_density,0.0080414965617199,0.009122168408307832,0.013130614878901548,0.01318953828627554,0.0,0.0,0.0010806718465879318,0.0,13.438690650348295,0.08221001846633506,0.08221001846633506,-5.395688528218401,6.985452374600216e-08,47205999.0,2.874450503941706e-14,0.06493729311845009,2.627748498632697e-16,False,False,False,17441,5755,True,1.5467787400900478e-07,True
gunning_fog_index,9.501736210128636,9.910045119921365,4.968425264451725,4.9989431285572055,8.457142857142857,8.9,0.40830890979272993,0.44285714285714306,4.297203171747515,0.08205542421932673,0.08205542421932673,-5.381077515103439,7.57536246401484e-08,47352454.5,1.2310272703516934e-10,0.05198482997735798,1.3293441805949435e-10,False,False,False,17441,5755,True,1.638392346868326e-07,True
char_to_word_ratio,6.192914675632159,6.283236974508166,1.1840408584503046,0.8822740489657426,6.1,6.214285714285714,0.09032229887600707,0.11428571428571477,1.4584780124842778,0.0808753182091819,0.0808753182091819,-6.150779071710894,7.934740606478292e-10,46007675.5,2.3560271066131976e-21,0.07265111403764091,2.6314949854700186e-20,False,False,False,17441,5755,True,2.1083739325785174e-09,True
avg_word_length,5.3037391276833965,5.391967863502914,1.214613494251627,0.9117578975427938,5.2,5.3076923076923075,0.08822873581951729,0.10769230769230731,1.6635195226514552,0.0769237418371367,0.0769237418371367,-5.82986116200216,5.6791050714334966e-09,46117753.5,2.514796157262135e-20,0.06997824264514285,7.19395670230497e-19,False,False,False,17441,5755,True,1.3898862411666188e-08,True
has_photos,0.021214379909408863,0.011468288444830582,0.1441024656614872,0.10648350598093849,0.0,0.0,-0.00974609146457828,0.0,-45.94096790100265,-0.07179665556036637,0.07179665556036637,5.4818621320289855,4.2859185832709775e-08,50675599.5,2.3503680303266572e-06,0.009746091464578277,0.8018395649199133,False,False,False,17441,5755,True,9.721717762053681e-08,True
has_how,0.016627486956023164,0.008166811468288444,0.12787474806102897,0.09000845735278373,0.0,0.0,-0.00846067548773472,0.0,-50.88366937295905,-0.07073892842544961,0.07073892842544961,5.524670139479671,3.3602450460743436e-08,50611089.0,3.2998352412786014e-06,0.008460675487734659,0.9134405864073083,False,False,False,17441,5755,True,7.812569732122849e-08,True
has_video,0.021214379909408863,0.011642050390964378,0.1441024656614872,0.1072777367175456,0.0,0.0,-0.009572329518444484,0.0,-45.12189165707845,-0.07043614957384664,0.07043614957384664,5.359175880307847,8.501745998229135e-08,50666879.0,3.6332989659410455e-06,0.009572329518444556,0.8190319641177826,False,False,False,17441,5755,True,1.7969599496257033e-07,True
certainty_speculation_balance,0.003296829310245972,0.007471763683753258,0.05719977079945662,0.08612331428076815,0.0,0.0,0.004174934373507286,0.0,126.63483549276621,0.06366557354112165,0.06366557354112165,-3.435927536316118,0.0005937317000792462,49978369.5,3.4319274441278196e-05,0.004203602454465938,0.9999988253798324,False,False,False,17441,5755,False,0.001104340962147398,True
has_see,0.004414884467633736,0.0006950477845351868,0.06629966283625723,0.026356885305361396,0.0,0.0,-0.0037198366830985497,0.0,-84.2567163505478,-0.06307974516206234,0.06307974516206234,6.092860992645944,1.1271155488389333e-09,50373163.0,3.353917398255468e-05,0.0037198366830984986,0.99999998280461,False,False,False,17441,5755,True,2.854574599334933e-09,True
certainty_count,0.0033254973912046327,0.007471763683753258,0.05757281047840605,0.08612331428076815,0.0,0.0,0.004146266292548625,0.0,124.68108691093202,0.06299304382335012,0.06299304382335012,-3.4095007151666583,0.0006542379877871577,49978391.0,3.4383342139182755e-05,0.0041462662925486615,0.9999992312005096,False,False,False,17441,5755,False,0.0011930222130236406,True
exclamation_count,0.05601743019322287,0.07106863596872284,0.23804813264892213,0.3005998313096402,0.0,0.0,0.015051205775499975,0.0,26.86879016688793,0.05902406147446658,0.05902406147446658,-3.4575141192371723,0.0005479292881401363,49755239.0,0.014174761607378163,0.00837162759629817,0.919575243347484,False,False,False,17441,5755,False,0.0010399474244292383,True
certainty_ratio,0.0002990755000383037,0.0006612993146442321,0.005645080338021521,0.007883663176914628,0.0,0.0,0.00036222381460592834,0.0,121.11450605600827,0.05772160873257036,0.05772160873257036,-3.2235191797298226,0.0012714731215865437,49978323.5,3.4184334333374e-05,0.004200095533702264,0.9999988548646309,False,False,False,17441,5755,False,0.0021499454601372468,True
caps_word_count,0.20411673642566366,0.2474370112945265,0.701298943014135,0.9300948423125003,0.0,0.0,0.043320274868862835,0.0,21.22328410078193,0.05666688804727519,0.05666688804727519,-3.2422917350858844,0.0011905716714088529,49814240.0,0.18667894173451793,0.006942238574125903,0.9843047156730567,False,False,False,17441,5755,False,0.0020504289896485796,True
function_word_ratio,0.22916433574687192,0.2221495664093832,0.12598194991339745,0.1233096193120137,0.23076923076923078,0.2222222222222222,-0.0070147693374887354,-0.008547008547008572,-3.061021390883894,-0.055972934388319844,0.055972934388319844,3.721950164239094,0.00019877339515873385,51841344.0,0.00016899869218081945,0.028202218416305547,0.0020100176361225893,False,False,False,17441,5755,True,0.0003851234531200468,True
has_source_says,0.0008027062668424976,0.002780191138140747,0.028321509834067893,0.05265874578298008,0.0,0.0,0.0019774848712982495,0.0,246.35224028794838,0.0550356455983003,0.0550356455983003,-2.7218832146278307,0.006507442256248828,50087234.5,0.00029534595581511285,0.0019774848712982296,1.0,False,False,False,17441,5755,False,0.010257493725951543,True
sentence_count,1.0600882976893526,1.0432667245873153,0.3263141623804328,0.25840967922660646,1.0,1.0,-0.016821573102037357,0.0,-1.5868086779849293,-0.05411390688725917,0.05411390688725917,3.9974097423436707,6.441385595204612e-05,50755772.0,0.00015949688181318548,0.01137218686049446,0.6261930754316496,False,False,False,17441,5755,True,0.00012745720433064446,True
parentheses_count,0.05406800068803394,0.07124239791485665,0.3264008162561876,0.3725903036656066,0.0,0.0,0.017174397226822707,0.0,31.76443923998037,0.05074456470816645,0.05074456470816645,-3.123614375731749,0.0017922116304652457,49757013.0,0.0007974022367991678,0.008614113233988197,0.9023188707207093,False,False,False,17441,5755,False,0.002976351457736926,True
dash_count,0.18536781147869963,0.16264118158123372,0.4844902898006186,0.4419298874036454,0.0,0.0,-0.022726629897465905,0.0,-12.260289268224648,-0.04791734325116554,0.04791734325116554,3.3011897767096174,0.0009659187283738682,50928147.0,0.006566673790438335,0.013786054221478383,0.37992335540310107,False,False,False,17441,5755,False,0.0016949139950711272,True
clickbait_intensity,0.0018198339547103642,0.0025179319893634815,0.013811480603173599,0.016987718962500925,0.0,0.0,0.0006980980346531173,0.0,38.36053464362484,0.04760704464355148,0.04760704464355148,-2.8246196614355825,0.004744825097260825,49909941.0,0.011638470564052174,0.007242249667751666,0.9758651946894248,False,False,False,17441,5755,False,0.007608081621469943,True
question_word_count,0.036064445845995066,0.027454387489139878,0.18645587930945914,0.16341751576540284,0.0,0.0,-0.008610058356855188,0.0,-23.87409027057414,-0.04756565761245274,0.04756565761245274,3.342937056951746,0.0008317119932539448,50618586.0,0.001758027972114568,0.008610058356855244,0.9026215781032727,False,False,False,17441,5755,False,0.0014874849110118628,True
negative_emotion_count,0.003554842038873918,0.006602953953084275,0.059518133749684114,0.08099688214087024,0.0,0.0,0.0030481119142103568,0.0,85.74535467055296,0.046531236807042804,0.046531236807042804,-2.630154055111716,0.008551161434070649,50033503.5,0.0022110162554357885,0.003048111914210394,0.9999999999987839,False,False,False,17441,5755,False,0.013254300222809507,True
clickbait_word_count,0.019838312023393156,0.0262380538662033,0.1422976480638033,0.167293600423994,0.0,0.0,0.006399741842810145,0.0,32.25950794232709,0.04298285182990232,0.04298285182990232,-2.607456691041222,0.009137396009549978,49905515.5,0.009908546194901642,0.005584761353294887,0.9991790848350084,False,False,False,17441,5755,False,0.013930784080133573,True
has_announces,0.006650994782409265,0.0036490008688097307,0.08128430278190775,0.06030188649683638,0.0,0.0,-0.0030019939135995347,0.0,-45.13601366128404,-0.03918193244420538,0.03918193244420538,2.986088271153093,0.002830910947791977,50337137.0,0.009962949518579433,0.0030019939135995655,0.9999999999995061,False,False,False,17441,5755,False,0.0046188547042921736,True
colon_count,0.210423714236569,0.1942658557775847,0.433789638007995,0.41454498535164813,0.0,0.0,-0.016157858458984292,0.0,-7.6787250513118535,-0.03765558754918448,0.03765558754918448,2.5342828718850128,0.011282570499074723,50874496.5,0.0241244636930264,0.013223721469593053,0.4319753642968377,False,False,False,17441,5755,False,0.016923855748612087,True
caps_word_ratio,0.018651414038633192,0.02102771332262092,0.062348820780252875,0.07376409155875371,0.0,0.0,0.0023762992839877276,0.0,12.740585132396037,0.03635323245291764,0.03635323245291764,-2.1984397492060546,0.027944238963298174,49815917.0,0.1901197054007,0.013488254879015948,0.40699496709193095,False,False,False,17441,5755,False,0.040606472243542656,True
has_confirms,0.00412820365804713,0.006602953953084275,0.06412017876103833,0.08099688214087022,0.0,0.0,0.0024747502950371444,0.0,59.94738874408727,0.03602530312558914,0.03602530312558914,-2.1099401216373908,0.03489349715350405,50062278.5,0.01781011095399333,0.002474750295037187,1.0,False,False,False,17441,5755,False,0.04916810962539207,True
attribution_count,0.002522791124362135,0.004344048653344918,0.0501654357085021,0.06577179925001563,0.0,0.0,0.0018212575289827827,0.0,72.19216491588344,0.03344466503733179,0.03344466503733179,-1.9240840060874576,0.05437915141609168,50095075.0,0.027818522958217868,0.001821257528982767,1.0,False,False,False,17441,5755,False,0.0754815086820377,False
positive_emotion_count,0.018978269594633335,0.014596003475238923,0.13687162353176469,0.11993940054578055,0.0,0.0,-0.004382266119394412,0.0,-23.090967791044694,-0.03298099811090358,0.03298099811090358,2.3181168465023974,0.020461076839379918,50403572.5,0.03162068479139648,0.0043249299574771305,0.9999972756019481,False,False,False,17441,5755,False,0.030204446762894167,True
has_says,0.02872541712057795,0.023631624674196352,0.1670385204610275,0.1519117537431621,0.0,0.0,-0.005093792446381598,0.0,-17.73270140865099,-0.031170612863251738,0.031170612863251738,2.1506541728410284,0.031525837114268394,50442117.0,0.040335676072408316,0.00509379244638164,0.999852581348782,False,False,False,17441,5755,False,0.045106197717337856,True
emotion_polarity,0.0013068163212048693,0.0008979258658027692,0.013609279406659267,0.01568008529175091,0.0,0.0,-0.0004088904554021001,0.0,-31.289053309734292,-0.02889419929735138,0.02889419929735138,1.770414274532648,0.0766928045855753,50551723.5,0.0010728830426300407,0.004384019579776299,0.9999959988732658,False,False,False,17441,5755,False,0.10091256208920685,False
char_count,68.12883435582822,68.8005212858384,23.099738259074613,23.838630968607358,68.0,69.0,0.671686930010182,1.0,0.9859069751612758,0.02884604999101303,0.02884604999101303,-1.8676717543090116,0.06183838374072306,49263187.5,0.036057764436219095,0.033785714488529295,0.00010006363401149959,False,False,False,17441,5755,False,0.08457308364540066,False
special_char_count,1.8789633621925348,1.9278887923544743,1.8161402333902485,1.8213136737618896,2.0,2.0,0.04892543016193951,0.0,2.603852270160773,0.02692019150802177,0.02692019150802177,-1.7683065414002601,0.0770407732078891,49209804.5,0.023513163375844005,0.017132553285892638,0.155837184162666,False,False,False,17441,5755,False,0.10091256208920685,False
conspiracy_indicator_count,0.0007453701049251763,0.0015638575152041702,0.027292072760912188,0.03951813793681203,0.0,0.0,0.000818487410278994,0.0,109.80953017443026,0.026590296504965444,0.026590296504965444,-1.4604944205086103,0.1441953322193849,50145400.5,0.0802836339859405,0.0008184874102790118,1.0,False,False,False,17441,5755,False,0.18121845805949727,False
has_why,0.007453701049251763,0.009730668983492615,0.08601492658480708,0.09817157288537447,0.0,0.0,0.0022769679342408517,0.0,30.54815210853438,0.025530711283063213,0.025530711283063213,-1.5716824491967805,0.11605995887940508,50072204.5,0.09308041897528492,0.0022769679342408145,1.0,False,False,False,17441,5755,False,0.14785720788746126,False
has_what,0.006478986296657302,0.004517810599478714,0.08023327319622256,0.06706848439956556,0.0,0.0,-0.001961175697178588,0.0,-30.269792331408635,-0.02541137925221014,0.02541137925221014,1.8282435946464166,0.06753863178803171,50284902.0,0.0946194197020779,0.0019611756971785743,1.0,False,False,False,17441,5755,False,0.09103032980126013,False
political_word_count,0.017315520899031017,0.013900955690703735,0.1393733338421191,0.12429007547444455,0.0,0.0,-0.003414565208327282,0.0,-19.71967940345567,-0.02514633019611834,0.02514633019611834,1.7520893893583018,0.0797865556383881,50338268.0,0.1070205694308268,0.003020225916433361,0.9999999999992912,False,False,False,17441,5755,False,0.1030576343662513,False
unique_word_count,11.01800355484204,10.94648132059079,3.801106994750058,3.8757536239309145,11.0,11.0,-0.07152223425124937,0.0,-0.6491396911904042,-0.018724267042511532,0.018724267042511532,1.2196964796268717,0.22260971952298814,50720608.5,0.223588987473191,0.018627149116014347,0.09806240793356236,False,False,False,17441,5755,False,0.2760360522085053,False
word_count,11.179347514477382,11.10616854908775,3.9591158962251685,4.033319064035995,11.0,11.0,-0.07317896538963176,0.0,-0.6545906663592322,-0.01839752171467023,0.01839752171467023,1.198942967289053,0.23057949599299515,50723350.5,0.22131206332767106,0.01960834967945302,0.07083247013154914,False,False,False,17441,5755,False,0.28215648851774405,False
semicolon_count,0.006536322458574623,0.005039096437880104,0.11314287753200647,0.08629985696200028,0.0,0.0,-0.001497226020694519,0.0,-22.906244760467633,-0.013978019281320682,0.013978019281320682,1.0513390784061674,0.293122770011877,50198843.5,0.8092121780604473,0.0008565355079962478,1.0,False,False,False,17441,5755,False,0.35403139754681245,False
has_update,0.003096152743535348,0.0038227628149435275,0.05555846977511904,0.06171556631707996,0.0,0.0,0.0007266100714081796,0.0,23.46815973227789,0.012714568553432988,0.012714568553432988,-0.7933594727683982,0.4275892614206237,50150011.5,0.4029447868039554,0.0007266100714081736,1.0,False,False,False,17441,5755,False,0.5098179655399744,False
has_urgent,5.7336161917321254e-05,0.0001737619461337967,0.0075720645742968435,0.013181879461358943,0.0,0.0,0.00011642578421647545,0.0,203.05821025195482,0.012538543561209517,0.012538543561209517,-0.6362858062443472,0.5246108176738329,50180634.5,0.4095217324759063,0.00011642578421655614,1.0,False,False,False,17441,5755,False,0.602330938810697,False
punctuation_variety,0.901496473826042,0.8908774978279757,0.9373362530401607,0.9265210576039375,1.0,1.0,-0.010618975998066382,0.0,-1.1779276243864134,-0.011361265697173785,0.011361265697173785,0.7517401154438503,0.45222518960222,50386340.5,0.6284427602363543,0.015775434727412385,0.22933656816880976,False,False,False,17441,5755,False,0.5323663624431197,False
has_percentage,0.0016054125336849951,0.0012163336229365769,0.040036571905807006,0.03485778661308457,0.0,0.0,-0.00038907891074841825,0.0,-24.235447437011295,-0.010023593888239563,0.010023593888239563,0.7067882026332479,0.4797128684206349,50206004.0,0.5096677004300492,0.00038907891074835277,1.0,False,False,False,17441,5755,False,0.557666209538988,False
clickbait_phrase_count,0.0002866808095866063,0.0001737619461337967,0.01692970930368691,0.013181879461358941,0.0,0.0,-0.0001129188634528096,0.0,-39.388357949609045,-0.007021612727192821,0.007021612727192821,0.5229371857166272,0.6010272346092866,50192144.5,0.6441837251329717,0.00011291886345277113,1.0,False,False,False,17441,5755,False,0.6816528392519958,False
emotional_intensity,0.0019220986410457886,0.002014125008727898,0.013643334077452104,0.015663000460531266,0.0,0.0,9.202636768210941e-05,0.0,4.78780670861091,0.006493879020771476,0.006493879020771476,-0.3986047200559684,0.6901941393136224,50251482.5,0.561627506405938,0.0014993381434271758,1.0,False,False,False,17441,5755,False,0.7588701900296465,False
has_when,0.0012613955621810675,0.0010425716768027802,0.03549474158111442,0.032274846598624625,0.0,0.0,-0.00021882388537828733,0.0,-17.347760840375955,-0.006301840723443311,0.006301840723443311,0.4348404953249648,0.6636869776062939,50197459.5,0.6784851340135196,0.00021882388537830533,1.0,False,False,False,17441,5755,False,0.7436492640648835,False
sensational_ratio,0.001316571388662293,0.0013966764965896157,0.013543793504514208,0.013317778549879922,0.0,0.0,8.01051079273227e-05,0.0,6.08437253134551,0.005938957058159147,0.005938957058159147,-0.3939978774993093,0.693591033898064,50159108.5,0.7512742037263465,0.0015831455794044214,1.0,False,False,False,17441,5755,False,0.7588701900296465,False
sensational_count,0.012900636431397283,0.013553431798436143,0.11335616032107443,0.11713088460885555,0.0,0.0,0.0006527953670388605,0.0,5.0601795540110075,0.0057110343952661005,0.0057110343952661005,-0.36953115521330443,0.7117400410953569,50159485.5,0.7545829048479709,0.0005363695828223269,1.0,False,False,False,17441,5755,False,0.7696723700217233,False
word_repetition,0.011343669369164684,0.01120082072152261,0.03266448022354359,0.034508787080241354,0.0,0.0,-0.00014284864764207462,0.0,-1.2592807758517524,-0.0043115535616443535,0.0043115535616443535,0.27588405556672385,0.7826431927365178,50557390.0,0.14675302147131103,0.008887254539830969,0.8808742783216945,False,False,False,17441,5755,False,0.8271115559602624,False
lexical_diversity,0.9886563306308352,0.9887991792784773,0.03266448022354359,0.03450878708024136,1.0,1.0,0.00014284864764202432,0.0,0.014448766797545958,0.004311553561642835,0.004311553561642835,-0.2758840555666267,0.7826431927365924,49815565.0,0.14675302147131103,0.008887254539830983,0.8808742783216934,False,False,False,17441,5755,False,0.8271115559602624,False
has_according_to,0.0017200848575196377,0.0015638575152041702,0.041439409077250335,0.039518137936812026,0.0,0.0,-0.00015622734231546752,0.0,-9.082536924413564,-0.0038131031954439266,0.0038131031954439266,0.2568986006204977,0.7972622111300387,50194318.0,0.8019536008791025,0.00015622734231546254,1.0,False,False,False,17441,5755,False,0.8330942206190292,False
authority_indicator_count,0.0018920933432716013,0.0017376194613379669,0.043458274383211724,0.04165215000241744,0.0,0.0,-0.00015447388193363444,0.0,-8.164178711528844,-0.003590972635823617,0.003590972635823617,0.24132237842204718,0.8093101204592462,50194230.0,0.8132712184374338,0.00015447388193357003,1.0,False,False,False,17441,5755,False,0.8362871244745544,False
has_who,0.0034975058769565965,0.0033014769765421373,0.05903789607744733,0.05736853756885054,0.0,0.0,-0.00019602890041445914,0.0,-5.60481975758784,-0.0033435944586142686,0.0033435944586142686,0.22314655691157745,0.8234259696375096,50196315.5,0.825918665464422,0.00019602890041447996,1.0,False,False,False,17441,5755,False,0.8415232436954768,False
avg_sentence_length,10.884167984033244,10.871474080509703,4.032495548569972,4.050158324061699,11.0,11.0,-0.01269390352354094,0.0,-0.1166272290372817,-0.0031444801868745955,0.0031444801868745955,0.20639272162681963,0.836488448403434,50318017.5,0.7645083536298896,0.011034585959933119,0.6636346212009854,False,False,False,17441,5755,False,0.8455807141469496,False
has_where,0.0007453701049251763,0.0006950477845351868,0.027292072760912185,0.026356885305361396,0.0,0.0,-5.032232038998949e-05,0.0,-6.751319922475436,-0.0018594451264709036,0.0018594451264709036,0.12448351767345817,0.9009349204228914,50189003.0,0.9026654582198124,5.032232038992834e-05,1.0,False,False,False,17441,5755,False,0.9009349204228914,False
